1,61,Mayer Riccione,,38-580-2748
2,69,Davey Player,Student,12-566-3828
3,34,Samuele Crosham,,49-682-4473
4,60,Bax Hegges,Student,48-222-8343
5,37,Seumas Cawsby,,04-615-2059
6,71,Ode OShea,Senior,39-670-1563
7,42,Ted Kneath,,21-908-3223
8,98,Horatia Mayfield,,05-749-6869
9,59,Giuseppe Tine,,30-326-7775
10,85,Caterina Lawlan,Membership,30-289-4537
11,66,Eadith Mongin,Membership,24-623-6203
12,43,Waylin Dregan,Membership,29-237-4860
13,67,Arley Delong,,24-470-4279
14,86,Broddy Antoniou,,51-529-8341
15,34,Marrilee Troucher,Membership,22-861-7041
16,17,Tremain Gumly,Membership,53-350-0811
17,18,Weylin Dunthorne,Senior,98-342-7710
18,21,Avivah Tunaclift,,53-842-7537
19,48,Shanan Kliesl,Senior,31-439-8808
20,75,Genni Grason,,00-710-1003
21,98,Heddie Sambeck,Membership,64-424-9880
22,58,Pavla Frenchum,Membership,01-639-2388
23,90,Kellyann Jelk,,09-681-3569
24,22,Gabe Aberdeen,Student,04-400-9395
25,90,Earl Alleyn,,71-143-2709
26,12,Emmy Danilovitch,,35-552-9345
27,49,Talbot Brandli,,22-980-8466
28,45,Shaun Stapleford,Senior,84-450-0854
29,13,Pavla Leele,Student,47-521-7094
30,67,Cross Chill,,18-135-4338
31,46,Cesare Mc Harg,Senior,86-992-8689
32,22,Dallis Faunt,Student,27-230-6037
33,62,Rubetta Klimashevich,Senior,13-720-0069
34,48,Nadia Dunthorn,Membership,66-655-4950
35,56,Gabey Smitton,Student,35-724-1433
36,48,Izzy Ferrers,,33-570-2502
37,98,Gard Perrone,Senior,88-018-8559
38,95,Scott Croall,Student,81-574-4852
39,19,Manny Quarles,Membership,12-802-1595
40,45,Linzy Towle,Senior,86-251-1898
41,49,Andros Beney,,76-470-1533
42,12,Lishe Vooght,,01-470-2826
43,12,Lindy Kock,Senior,19-351-2711
44,54,Demetris Cheers,,32-488-0591
45,80,Valma Northwood,,79-113-9741
46,19,Jose Seint,Senior,76-887-2638
47,59,Maddy Ferrie,Senior,71-333-4847
48,85,Patrice Gittins,,31-254-4700
49,38,Stoddard Lamond,Senior,98-780-7035
50,98,Torrin Ranscomb,Student,21-265-4996
51,80,Sher MacCole,,04-698-7039
52,93,Gloriane Counihan,Senior,07-561-0781
53,89,Wright Marquiss,Senior,43-693-0412
54,66,Corey Hallgate,,43-461-7785
55,48,Marve Ewart,,65-176-8643
56,72,Emelia Charnick,,22-309-2085
57,97,Gabriellia Carr,Student,74-496-1073
58,81,Marcile Cordrey,Senior,02-109-3687
59,82,Alvinia Abley,,32-063-6329
60,34,Wyatan Maharg,Senior,39-088-0488
61,33,Micky Brambell,Student,14-503-9862
62,97,Darsey La Wille,Senior,83-527-7964
63,63,Bertina Primrose,Senior,22-337-0202
64,56,Cordelia Hasloch,Membership,54-882-2796
65,37,Nester Bulgen,Membership,99-615-3220
66,37,Raff Stelfox,,62-622-7292
67,63,Sigmund Merring,,63-931-7948
68,98,Gayleen Gunn,Membership,78-884-2514
69,15,Aggi Segar,,81-288-8397
70,73,Nichole Benzie,,56-391-2005
71,22,Merrie McCoish,,64-700-0766
72,13,Deana Coats,Membership,47-574-2350
73,82,Teddi Rigglesford,Senior,89-098-1873
74,33,Shela Kobsch,Membership,32-471-2954
75,57,Bendicty Basson,,03-852-3453
76,33,Isidoro Le Page,,47-493-9724
77,100,Jeanne Jaquet,Senior,02-687-1094
78,28,Lucian Casotti,Membership,24-828-8036
79,56,Jehu Oleszkiewicz,Student,12-224-0277
80,21,Sherlock Sheehy,,66-302-2180
81,24,Lona Toffano,,99-940-7948
82,44,Marline Scholz,Student,39-889-0752
83,81,Jedd Pudding,Senior,31-465-6629
84,73,Griswold Ghilks,,98-505-6893
85,32,Dennis Bright,Student,13-442-5272
86,86,Kata Dwine,Membership,49-582-6722
87,19,Mitchel McFarlane,Student,48-755-7398
88,22,Valene Drewson,Senior,88-285-8963
89,85,Agneta Whenman,,60-862-2695
90,21,Rhodia Parkins,Senior,43-970-2194
91,46,Hermie Stoltz,,37-416-9351
92,46,Gennie Caesman,Student,72-547-1388
93,57,Tabor Torregiani,,91-367-4486
94,14,Dukey Adcocks,,43-189-7617
95,64,Leontyne Burrass,Membership,49-963-2342
96,35,Sam Wilflinger,Student,85-056-5191
97,91,Malory Benardeau,,57-466-6002
98,28,Willie Sakins,Student,28-488-2780
99,26,Merrile Baker,Membership,22-878-5842
100,77,Kristan Doerren,,18-504-0733
101,84,Aida Dorrian,,53-083-8134
102,94,Giulietta Viggers,,97-651-7527
103,56,Nan Spaughton,Membership,90-876-1801
104,50,Jecho Martindale,,20-246-0138
105,46,Charyl Wickmann,,01-945-3745
106,98,Rachele Swinburn,Membership,81-447-5260
107,12,Neel Laugherane,,06-304-3419
108,56,Cherise Keynes,Student,60-860-5905
109,63,Cherise Jailler,Membership,46-340-6510
110,40,Hugibert Carradice,,53-049-9686
111,44,Marjory Fenty,,32-709-7400
112,15,Selby Chastelain,Senior,02-201-6249
113,65,Beverly Horsley,Membership,19-934-8220
114,76,Eula Grewcock,Student,31-106-1404
115,76,Alysa Kohlerman,,81-146-3722
116,53,Leonidas Balmer,,21-379-9034
117,21,Jack Speares,Senior,09-286-1166
118,99,Jedidiah Tidswell,Student,49-768-4019
119,60,Jessalin Klais,Senior,21-307-8167
120,44,Emlyn Hastwell,,34-357-6887
121,81,Carlie Braddon,,70-359-9110
122,16,Mason Ivanshintsev,,86-527-8630
123,21,Bevon Caddick,,20-667-2974
124,34,Shane Rudderham,Membership,74-814-4222
125,77,Klara Impey,Membership,33-775-2138
126,88,Joelle Illidge,Student,72-784-8719
127,68,Gertie Shuttell,,33-293-1898
128,31,Wolf De Mars,Membership,58-678-1694
129,35,Hunter McNickle,,38-810-7804
130,40,Iosep Attwoul,Membership,27-307-6752
131,59,Agathe McKitterick,,00-382-1375
132,61,Mariellen Croxley,Membership,84-138-3743
133,75,Marshal Feighry,Membership,34-011-1551
134,70,Elwira Kubik,Membership,25-777-2748
135,35,Cece Althorp,,70-864-6285
136,62,Orrin Gueny,Membership,30-190-9776
137,45,Caressa Dahlback,Senior,67-551-5246
138,51,Joellyn Kuhndel,,11-682-9334
139,49,Alvinia Eccleshare,Student,45-471-8868
140,63,Law Brookbank,Senior,92-913-3138
141,15,Marabel Garstang,Student,52-354-6601
142,59,Francesca Sturge,Senior,53-762-2718
143,19,Bondon Allaker,Student,84-509-1889
144,33,Bird Sowrey,,21-603-6104
145,49,Ulrikaumeko Larby,,34-574-3225
146,27,Layla Southern,Senior,96-772-8219
147,68,Merle Manton,,41-545-8191
148,64,Hector Titmuss,,02-046-4892
149,23,Romy Edwards,Membership,13-222-2956
150,73,James Boshard,Membership,98-280-3142
151,51,Mira Ethridge,,00-608-2020
152,93,Jessamine de Glanville,Membership,26-233-1213
153,32,Cherianne Horburgh,Senior,99-101-3846
154,99,Eustace Castles,Senior,05-598-0573
155,36,Inglis Bartolomieu,Membership,67-916-9500
156,36,Gaylord Bonhome,Student,76-861-0730
157,17,Laney Assante,Student,29-121-8344
158,67,Agnesse Croker,Membership,61-293-5939
159,18,Bord Dello,,58-002-5544
160,36,Horton Brisard,,20-375-1544
161,26,Russ Swetland,,84-148-8787
162,28,Virgie Ephgrave,Student,69-645-8864
163,64,Korey Farlambe,,07-710-4182
164,87,Ahmed Hyde-Chambers,,73-437-3032
165,53,Hakim Manterfield,Student,18-977-1634
166,71,Shawn McMackin,Student,44-017-7713
167,39,Roxanne Mildmott,Senior,69-524-6414
168,32,Clemens Becks,,49-168-0330
169,64,Frederique Peyro,,45-380-1731
170,83,Ravi Aughton,,89-631-1730
171,85,Cicely Zealey,,62-631-5517
172,47,Abba Osgood,,86-251-9067
173,26,Roz Hamlin,Student,50-591-5907
174,57,Junina Falks,,47-890-2500
175,36,Ingeborg Donhardt,,61-355-6762
176,45,Ariadne Lisle,,66-745-6829
177,40,Britt Riach,,51-614-9397
178,13,Adelina McGreal,,84-767-6681
179,72,Kipper Willder,Membership,76-800-2571
180,71,Kennith Antognelli,,76-506-6000
181,54,Muhammad Abrahmovici,,89-069-9575
182,81,Costanza Gerhartz,Student,27-246-4268
183,18,Maris Lapere,Membership,94-922-4764
184,73,Gabi Stitfall,,22-097-3273
185,77,Wylie Verrills,Senior,21-929-5859
186,60,Bond Hassett,Senior,68-376-0136
187,73,Becky Luff,Membership,28-034-2394
188,90,Axel Frantz,Student,94-996-9285
189,52,Kirsti Vasyutichev,,52-349-4891
190,70,Rafaello Smithend,Membership,12-536-1275
191,87,Cammy Tembridge,,67-633-1487
192,94,Tabbie Domeny,Membership,41-724-8320
193,30,Merle LAmie,Student,99-832-6285
194,49,Yuri Schrei,,59-445-2589
195,74,Terrel Loosely,Membership,26-729-7225
196,45,Adelbert Tinman,Student,49-780-7663
197,17,Minda Handrahan,Membership,48-914-1107
198,66,Justus Antrobus,,83-919-0089
199,61,Audie Eberts,,05-238-3570
200,100,Darcey Cereceres,,24-470-4960
201,65,Drusi Brendeke,,07-537-2402
202,33,Corbie Balding,Student,56-371-5741
203,72,Belva Gipps,Senior,21-047-1290
204,21,Amandi Woodard,Membership,50-290-5261
205,63,Clyde Senussi,Student,04-312-9536
206,15,Doris Mariaud,Senior,61-373-0752
207,58,Clarinda Devany,,03-271-6035
208,44,Teddy Keene,,02-642-0142
209,42,Margalit Wharf,,40-591-9727
210,28,Dniren Petracek,Student,87-840-0877
211,83,Galvan Trouncer,Membership,40-501-2219
212,65,Jameson Jerams,Student,11-266-0706
213,88,Emyle Iacofo,Student,23-342-1155
214,83,Rutter Perree,,45-567-5703
215,33,Mozes Juares,Student,78-051-8380
216,49,Burty Tampling,Student,19-571-3523
217,90,Cheri Escritt,Senior,53-108-1304
218,54,Husein Gladdis,Student,86-849-2726
219,61,Devon Jenny,Student,98-986-5369
220,79,Betti Dash,Student,56-781-2929
221,74,Boonie Richin,Senior,48-514-9086
222,65,Julie Dikles,Senior,61-695-6147
223,69,Joyous Yarnold,Student,36-153-7721
224,99,Kellie Bradly,,86-496-3059
225,12,Emlyn Seiler,Membership,91-535-8925
226,29,Danna Munden,,44-954-0215
227,42,Vasili Raulin,,82-553-5247
228,92,Di Jakubovsky,Student,56-512-8361
229,19,Nerissa Munford,,76-165-4402
230,29,Evelyn Collar,Membership,58-546-9770
231,14,Martie Chape,,58-166-0807
232,74,Chic Reisk,,91-104-8394
233,99,Paddy Crouse,Senior,79-215-6552
234,33,Morgana MacCrossan,Student,70-437-9070
235,92,Garrot Benterman,Senior,26-790-2731
236,29,Martguerita Hannond,,99-747-8039
237,74,Gleda Beckford,Student,98-582-7001
238,25,Claire Ors,Student,38-553-7696
239,39,Art Schmidt,Student,34-308-8800
240,56,Loren Orbine,Membership,52-356-9068
241,98,Ferne Willeman,Membership,36-214-3457
242,77,Maridel Underhill,Student,01-611-4850
243,98,Jacobo Tidman,,69-691-9781
244,64,Chloe Murrhardt,Membership,34-144-5981
245,97,Sara Oliver-Paull,,16-379-4004
246,95,Wrennie Northidge,,32-893-5290
247,83,Flynn Drew-Clifton,,97-599-4018
248,16,Arlena Bill,Membership,99-985-2886
249,19,Ruy Bleackly,Membership,83-964-9481
250,39,Bev Pollard,Senior,47-859-0699
251,80,Lissa Ballingal,Senior,08-802-1586
252,94,Starlene Haslock(e),Student,10-616-9103
253,41,Wolfy Rosetti,Student,10-442-5366
254,17,Mallissa Mundow,Membership,68-004-8082
255,93,Peggi Roscher,Student,13-054-2631
256,31,Craggy Klassmann,Student,28-965-7192
257,85,Margot Faux,Student,07-988-8505
258,37,Guillema Goomes,,81-515-8052
259,73,Herbert Martinez,,27-812-8994
260,79,Gwenny Guyonneau,Senior,30-191-5576
261,78,Yorgo Simukov,Senior,11-217-4193
262,57,Rurik Dorning,Membership,00-196-1177
263,93,Lorna Gillis,Student,90-813-1320
264,15,Leupold Truesdale,,73-438-0656
265,100,Rickey Leyre,Student,52-223-0895
266,51,Merrile Abdon,Membership,43-463-2930
267,41,Michelle Simeonov,Senior,14-435-4399
268,67,Chad Dore,Student,77-310-3950
269,19,Dillon Normanville,,66-943-3032
270,70,Bliss Etheridge,Senior,26-976-2634
271,81,Brittani Averay,Membership,25-469-4433
272,24,Putnam Grainge,,96-716-2544
273,90,Aurelia Stanfield,,23-076-1450
274,51,Rosanne Dive,Student,78-910-4316
275,79,Barb Bernaldo,Student,24-310-0376
276,99,Christen Gilbart,,82-692-7677
277,37,Ame Sibborn,,58-374-5587
278,77,Sonya Hurburt,Membership,32-514-4015
279,65,Leigha Lovel,Student,23-900-7436
280,31,Grace Wetherell,Membership,49-820-6450
281,28,Ozzie Pasley,Student,17-130-0548
282,34,Thorny MacNamee,Membership,06-963-3863
283,71,Morrie Rimbault,Student,74-355-4346
284,34,Sherwynd Hallick,,82-557-7220
285,98,Shawn Bernadot,,32-925-3388
286,13,Rodolph Murricanes,Senior,03-977-7718
287,22,Shermie Jewell,Senior,06-016-6581
288,100,Clovis Rablen,Membership,47-309-4897
289,81,Eden Jakubovics,Student,87-634-6781
290,86,Saundra OCallaghan,,21-981-1115
291,74,Bryn Coulthard,Senior,86-117-2537
292,79,Carlie Egalton,,58-060-1490
293,55,Riannon Reed,Student,02-681-9108
294,52,Patten Nucator,Senior,63-555-1438
295,64,Tabbitha Balderstone,Membership,54-429-8408
296,98,Bram Northam,Student,05-909-5732
297,61,Alyda Righy,Senior,41-321-4480
298,48,Fidole McTrustram,,93-181-7692
299,73,Adriena Gander,,35-013-4744
300,23,Fionnula Avrahamof,,45-005-2490
301,99,Jon Meehan,,34-506-9713
302,18,Bret Siveyer,Student,30-050-2469
303,34,Estele Gun,Student,77-064-6666
304,27,Ebony Mattisssen,Senior,27-838-3968
305,21,Hesther Rockwell,Student,23-415-4674
306,49,Rodie Tolland,,23-216-7835
307,72,Rodney Halson,,54-356-3907
308,32,Reinhard Brockhurst,Membership,74-867-4252
309,89,Cesya Pabst,Student,83-942-3625
310,60,Nadya Redbourn,Senior,91-182-2738
311,33,Keir Valti,Membership,97-278-6293
312,43,Jack Kendell,Student,40-373-2922
313,60,Welbie Stallen,Senior,32-729-7255
314,43,Salomo Brew,,18-811-4679
315,36,Minerva Bagby,,83-079-2025
316,56,Boris Jamieson,Membership,10-379-1285
317,100,Luce von Nassau,Senior,11-817-9774
318,58,Chrystel Rathbourne,,51-352-2155
319,42,Merlina Giovannacci,,84-327-9924
320,83,Tadd Thomsson,Membership,92-213-5557
321,95,Christoper Roots,Student,01-751-2188
322,88,Farrah Smyley,Senior,63-330-7148
323,25,Erica Stepney,,60-233-2543
324,43,Shay Fowley,Membership,73-728-8576
325,18,Jeni Dumbar,Senior,44-825-0193
326,44,Joni Brigstock,Student,24-000-7318
327,87,Mariel Ockland,,62-619-7589
328,53,Artur Monument,Senior,10-918-3215
329,59,Emlynne Berzen,Senior,74-911-8181
330,12,Harrietta Cornner,,59-513-6407
331,37,Galvin Dennerly,,31-340-0045
332,97,Nadia Skoof,Student,43-638-9847
333,66,Gabriellia Boor,Senior,28-230-2872
334,42,Hadlee Chiplin,,47-261-3095
335,99,Abagael De LIsle,Senior,04-054-4953
336,95,Morris Kisting,,13-663-4062
337,53,Whitby Brettle,Membership,99-547-1828
338,55,Myrilla Smallpiece,Senior,99-258-4655
339,68,Tallia Pochon,Student,81-322-2637
340,26,Jorry Tumpane,Senior,19-093-6306
341,35,Lawry McNally,Senior,90-120-6616
342,84,Ker Bishopp,Student,64-359-2810
343,91,Dianemarie Hanlin,Senior,53-284-7061
344,53,Analiese Pooke,Student,05-891-6885
345,30,Bone Munroe,Senior,74-921-2491
346,21,Blinnie Epperson,Student,07-578-7013
347,54,Cindie Casaletto,,03-225-3098
348,28,Lindsey Orford,Senior,71-375-1240
349,33,Lonni Darrel,Membership,80-428-9820
350,39,Maurie Sunner,,36-352-0592
351,23,Sheila-kathryn Mignot,Senior,21-389-2674
352,55,Audry Tolemache,,65-063-5310
353,67,Pincus Bridywater,,70-033-2475
354,70,Nathaniel Pepineaux,Membership,85-188-7482
355,17,Fionna Nazair,,59-074-6468
356,33,Maggee Maas,,44-458-1966
357,61,Jeth Infantino,Senior,21-240-7570
358,100,Wittie Jelf,Student,76-045-4171
359,74,Genny Geraldi,,01-382-6277
360,80,Gardener Bowley,Student,61-716-6902
361,72,Faustine Noulton,Membership,12-695-8287
362,56,Ferrel Arnell,Student,62-988-4185
363,33,Mirabella Shinner,Senior,14-147-7352
364,48,Field Folan,Senior,33-244-4447
365,13,Vitia Pardie,Membership,48-630-3403
366,56,Goldina Rainsdon,,39-401-2198
367,33,Gae Rummings,,79-226-5340
368,15,Elena Maris,,62-978-4909
369,89,Martelle Oakes,,26-866-1052
370,26,Horatius Donwell,,46-666-7802
371,90,Melita Flintoft,,41-773-4907
372,85,Lemuel Garrick,Membership,56-302-7412
373,79,Shawna Tout,,62-348-0933
374,91,Kinnie Bartholin,Senior,39-371-3659
375,34,Corbin Draude,Senior,87-019-9748
376,53,Petronilla Tann,Membership,06-457-5153
377,46,Moritz Dade,,38-077-6771
378,35,Marlo Jina,Senior,98-460-4498
379,18,Ethelind Sibbe,,22-843-1181
380,27,Jess Swyne,Membership,07-864-0704
381,87,Walliw Kaplin,,71-985-6294
382,16,Hillery Faircliffe,Senior,79-901-1158
383,98,Lonnie Ackroyd,,52-181-3588
384,59,Helenka Nayer,Senior,36-192-4461
385,56,Filmore Russo,Student,43-701-3418
386,51,Gregory Garlee,Senior,60-299-7554
387,69,Heinrik Blackmoor,,72-451-9782
388,75,Harland Lytton,Membership,66-159-1555
389,62,Lelia Dukelow,,60-269-4465
390,78,Gusty Emlen,Membership,49-342-5945
391,62,Asia Babst,Senior,11-722-1635
392,54,Cathy Maydway,,27-346-1899
393,44,Carlie Tufts,Membership,27-724-4137
394,20,Keene Morot,Senior,75-180-3110
395,33,Arnie Ricart,Student,36-993-9907
396,100,Petey Goode,Membership,72-059-9388
397,95,Holt Goomes,,26-407-3447
398,27,Starla Deaconson,,50-937-4420
399,66,Cherish Swatridge,,03-614-1845
400,53,Orv Arnatt,,94-952-1035
401,73,Janel Allworthy,Membership,54-928-4261
402,22,Dori Noblet,Senior,35-687-7985
403,46,Christi Widdall,,43-977-9691
404,64,Ianthe Cavell,Senior,88-725-8411
405,70,Talbot Cristofari,Senior,03-017-7029
406,92,Kalli Rabbe,,11-072-7594
407,86,Melicent Botham,Student,40-440-9575
408,97,Calv Shillington,Membership,23-564-4163
409,13,Merle Le febre,Student,24-311-5887
410,70,Miguela Drewitt,,93-794-3795
411,19,Loren Lattey,,95-724-5185
412,99,Mirabella Beeching,Student,12-251-9186
413,37,Sophie Lahive,Senior,84-494-2753
414,64,Melissa Hallgarth,Student,41-409-6675
415,66,Brittani Newson,Senior,33-657-1133
416,79,Margy Ivanikhin,Student,66-697-1117
417,45,Maressa McElory,Senior,32-351-4161
418,13,Niles Turmell,Senior,63-834-3511
419,78,Bennett Cadamy,Student,70-709-8409
420,40,Lynnett Maine,,25-413-7923
421,21,Kaile Allison,,63-083-4779
422,94,Mufi Simukov,,31-136-8457
423,91,Julie Butcher,Membership,09-690-8104
424,23,Midge Dodshun,Senior,56-065-9807
425,81,Royce Stevenson,Student,80-259-8229
426,91,Even Playhill,Student,39-234-0773
427,64,Peter Diament,,37-666-7872
428,43,Esma Turfrey,,90-117-3711
429,32,Ashli Blunden,,84-081-0771
430,82,Meghann Melsome,Membership,21-718-0696
431,61,L;urette Sunter,,34-192-5254
432,73,Riannon Pohling,Student,61-753-9011
433,74,Neel Dalli,,91-430-0226
434,16,Waneta Allbones,,98-223-3064
435,69,Lorelle Belz,Student,48-409-9346
436,52,Rheta Dewane,,17-819-7525
437,89,Georg Binnall,,74-164-8734
438,61,Brandtr Faithfull,Student,84-105-0776
439,40,Jeramie Tordoff,Student,99-443-1112
440,57,Emilio Goodliff,Senior,67-362-4758
441,89,Ewell Hargie,,75-180-2517
442,82,Clemmy Kidd,Student,42-315-8196
443,23,Aidan Pasby,Student,52-598-0094
444,98,Philippa Penley,Student,88-383-2702
445,33,Letty Lambdean,Senior,54-372-8189
446,82,Arlena Paskerful,,80-571-1407
447,100,Iain Futcher,Membership,04-489-3956
448,74,Maurine Tebbit,Senior,28-154-1703
449,68,Garik Adess,Senior,43-705-3518
450,23,Benedikta Nurny,Membership,20-452-7857
451,71,Alistair Kuna,Senior,42-019-0206
452,38,Imogene Lake,Senior,45-662-8389
453,70,Chad Wrenn,Membership,04-200-1746
454,23,Antonin Helsdon,Student,90-474-4317
455,13,Corenda Butterley,Membership,11-210-2837
456,42,Gisela Melland,Senior,55-315-0546
457,79,Shirline Titmuss,Senior,94-455-3174
458,81,Wait Kingston,,48-767-8941
459,90,Orland Cancott,Student,84-210-0339
460,87,Leigha Eastment,Membership,31-300-6419
461,48,Eziechiele Najafian,,27-124-2631
462,26,Prisca Simnell,Membership,10-822-4405
463,92,Harlan Prozillo,Membership,39-634-0611
464,67,Rodney Twell,Membership,04-188-0629
465,36,Keven Benkhe,Senior,15-128-8896
466,26,Blanch Cloney,Membership,12-154-4595
467,83,Nisse Winning,Senior,86-704-8921
468,19,Magdalene Chilcotte,Membership,99-919-7730
469,96,Herbert Auld,,68-002-5573
470,64,Roxy Plessing,Student,28-400-1572
471,17,Noel Wiz,Membership,20-859-6900
472,90,Wynn Tuttiett,Senior,71-681-5177
473,49,Marlane Switland,Senior,79-394-6590
474,77,Berget Stagg,Membership,82-765-5981
475,85,Cecil Sprionghall,Student,34-841-9306
476,56,Ellene Stubbs,Student,73-955-1853
477,54,Devina Whaites,,78-566-5441
478,46,Marlo Blain,Senior,76-440-2833
479,63,Mary Odom,Membership,42-108-8356
480,32,Manolo Mation,Student,67-968-7889
481,18,Mel Ghidoni,,17-552-5978
482,28,Delmor Elwyn,Membership,06-216-0115
483,94,Mattias Felix,,87-492-3244
484,17,Sibyl Melley,,00-916-9417
485,26,Melva Hartles,,44-082-5750
486,18,Emalee Sawrey,,50-203-1062
487,100,Shelby Bracco,Membership,16-041-3075
488,17,Wyn Tombs,Membership,31-866-1591
489,33,Judie Madill,Membership,89-001-0823
490,83,Lynda Gibson,Senior,07-262-7974
491,42,Ron Crosfeld,Student,69-311-7882
492,93,Cyrille Ziems,Student,97-068-3354
493,74,Marin Pere,Membership,62-335-9057
494,100,Ernesta Bussons,,12-199-5794
495,82,Louisa Norheny,,05-781-3129
496,82,Rosamund Van Baaren,Membership,98-891-2727
497,19,Astrid Ezzell,,39-997-7272
498,93,Vivi Florey,,31-888-4553
499,13,Rhodie Bello,Student,86-662-9305
500,81,Angelia Ciementini,,09-928-7491
501,13,Ryun Romer,Membership,40-407-4950
502,82,Gabriele Garmans,Student,56-841-6139
503,26,Kaine Wardall,Membership,22-472-4856
504,30,Nickey Franciotti,Student,67-785-1584
505,54,Keefer Fleisch,Membership,03-777-7666
506,21,Lucie Guilder,Senior,65-413-2874
507,99,Ruthy Housecraft,,72-016-0134
508,49,Juliane Sisneros,Membership,80-992-7655
509,37,Chastity MaggillAndreis,,61-214-7080
510,28,Tom Kettlewell,Membership,06-132-2952
511,16,Vernor Hutcheons,Student,14-356-5402
512,66,Rene Gallgher,Membership,97-398-2887
513,37,Anita Corkel,,58-124-5607
514,39,Lynette Dalling,Membership,87-537-5925
515,73,Ancell Spurret,Membership,46-177-0162
516,72,Marcelo Gallihawk,Membership,45-451-5044
517,12,Grace Pauli,Student,21-729-3250
518,95,Murdoch OHaire,,30-739-3198
519,19,Bethina Hardware,Membership,63-083-5388
520,41,Rozamond Spickett,,01-351-8525
521,61,Annette Chesher,Senior,03-032-8892
522,12,Vassili Yorke,Senior,52-049-9884
523,34,Jenna Ponsford,,72-487-1289
524,82,Robbyn Vidgen,Senior,32-356-1996
525,54,Manon Nice,,18-842-3804
526,40,Twyla Ingerfield,Membership,82-428-8639
527,54,Dewain Dowber,,81-810-7961
528,77,Flss Brehault,Senior,80-920-9804
529,93,Luci Anthon,,62-383-4127
530,32,Essa Beaudry,,53-050-6260
531,60,Katerina Stripp,,65-546-7180
532,44,Keenan Lamdin,Membership,30-135-4951
533,73,Maxine Anderton,Student,31-766-5250
534,65,Delores Trubshaw,Student,68-487-8284
535,64,Jobi Avent,,90-523-8354
536,63,Willette Degli Abbati,Membership,37-916-2621
537,70,Shay McNirlan,Student,10-457-6354
538,57,Clara Deane,Student,68-299-3213
539,94,Meaghan Lydall,,82-027-8535
540,15,Yettie Scampion,Senior,59-566-6862
541,44,Helaina Southon,Membership,54-123-1253
542,24,Roze Mell,,24-926-7790
543,19,Simonette Dews,Membership,15-767-2491
544,94,Doris Collinson,Student,36-928-0145
545,16,Lorrin Gellately,,72-920-3097
546,69,Jeramie Pering,,76-976-9829
547,76,Ira Pauncefort,Membership,48-997-5120
548,52,Laughton Reggler,Membership,83-680-1071
549,70,Pansy Ruddin,,01-698-1575
550,95,Florance Geldart,Student,30-910-2728
551,43,Karrie Chawner,Student,69-957-6877
552,18,Kendall Nelson,Senior,36-004-7629
553,40,Luz Toffts,Senior,36-375-0287
554,48,Revkah Plank,Senior,45-610-6167
555,52,Charmaine Filoniere,Membership,70-617-0158
556,81,Rancell Matuszyk,,78-989-8902
557,69,Cornelius Castro,,09-450-7821
558,61,Timothy Couth,,73-519-8181
559,68,Yetta Lepoidevin,Membership,83-213-5865
560,68,Shay Rohloff,Student,59-424-8157
561,24,Boycie McConigal,Membership,02-764-8602
562,31,Laina Slot,Membership,06-993-5024
563,97,Eryn Botte,Membership,46-661-6818
564,88,Micah Neno,Membership,67-765-3255
565,82,Bobina Hayman,Senior,51-667-8056
566,44,Zea Barnwille,Student,25-755-0445
567,56,Cherri Vogelein,,65-200-5245
568,62,Cymbre Mitie,Senior,62-869-3455
569,36,Florencia Dy,Membership,44-896-2324
570,15,Aleda Tabourier,Student,56-823-1543
571,35,Tuesday Cheston,Senior,11-521-8087
572,80,Cullan Regitz,Senior,23-527-9572
573,62,Granthem McLarnon,,61-172-5003
574,26,Jarrad Robberecht,Student,16-881-2492
575,92,Louis Mattessen,Membership,73-427-6814
576,95,Niki Hayles,Senior,75-927-9456
577,46,Antonietta Bleue,Membership,33-042-0459
578,46,Jilly Rolston,Student,87-023-1894
579,61,Guinna Maydwell,,78-002-6221
580,26,Maxie Rand,Senior,28-307-2828
581,72,Eleanor McKeag,Senior,41-558-7350
582,70,Bettine Rousell,Membership,05-029-7179
583,28,Adair Pisculli,Membership,23-826-1444
584,43,Lina Ferreira,Membership,09-852-7280
585,26,Emiline Francescone,,24-341-7612
586,34,Glenna Ludman,,32-288-3632
587,38,Avram Hearsum,,94-528-5343
588,62,Veronique Pyson,,06-005-3403
589,74,Helene Colliber,Senior,16-852-6547
590,54,Grange Verheyden,Student,70-248-8998
591,66,Dorrie Whickman,Student,48-585-5355
592,49,Susette Cregeen,Student,54-594-4719
593,46,Amabel Mapplebeck,,70-567-0519
594,62,Sigfried Farndell,,99-861-8680
595,100,Elsbeth Lanchbury,,45-626-7028
596,79,Fionna Orans,Student,17-075-1413
597,58,Karilynn Betty,Membership,07-132-3153
598,68,Lorne Branni,Student,57-016-9197
599,75,Francesco Janus,,58-340-2087
600,29,Barri Gley,Membership,59-432-7545
601,55,Meggy Woolmer,Senior,34-529-4457
602,38,Catrina Minter,,13-490-3307
603,78,Anatole Biddell,Membership,64-122-9598
604,21,Jori Cornborough,,58-343-0113
605,26,Arley Frail,,37-068-9358
606,43,Greggory Seaking,,26-376-0774
607,43,Carley Workes,,44-594-9296
608,23,Julianne Huby,,36-254-1678
609,22,Gayleen Stedson,Membership,99-464-6127
610,45,Tiffanie Whymark,,30-432-3108
611,76,Billi Evenden,Student,69-795-6340
612,86,Pier Mico,,53-679-2423
613,29,Stirling Danielis,,10-695-6694
614,23,Aubine Lyne,,48-083-1158
615,100,Dominga Barkes,Membership,37-532-1217
616,17,Gustave Solloway,Senior,63-610-7953
617,12,Frannie Bearham,Membership,51-761-8225
618,94,Eduard Hollyer,,68-746-5666
619,52,Essy Barkworth,Student,13-919-2222
620,22,Dory Lamblin,Senior,31-013-6279
621,56,Dara Beaton,Senior,81-612-6546
622,81,Arabel Ericsson,Senior,41-772-9271
623,99,Fulvia Blow,,79-800-2420
624,72,Gus Wedmore,Membership,70-628-7118
625,45,Meg Coil,Membership,98-093-0172
626,34,Kassie Chamberlen,Membership,86-077-0721
627,36,Bobina Mauchline,Senior,53-236-1312
628,49,Chlo Lindenstrauss,Membership,14-184-2835
629,100,Eb Chrisp,,27-698-5153
630,95,Vina Edney,Senior,09-601-9123
631,36,Marja Van der Beken,,74-006-8550
632,44,Iggy Rutley,Senior,21-513-5976
633,15,Adriano Haps,Membership,30-149-5843
634,67,Angelica Ranyell,Student,66-529-3593
635,43,Trixi Segges,Senior,73-920-7562
636,52,Walsh Collinson,,57-433-6352
637,51,Ermengarde Helleker,Student,11-425-7434
638,94,Ida Skipper,Student,81-675-0968
639,77,Wilie Moorcroft,Senior,23-384-0034
640,52,Casey Ogden,,22-518-2264
641,18,Lennard Donlon,,51-490-5479
642,12,Emelia Gurden,,37-687-2959
643,38,Livy Hender,Senior,16-865-3924
644,24,Niall Gebhard,,23-627-9673
645,43,Maurizio Popelay,,00-392-3838
646,41,Bevon Kinnett,,14-265-1722
647,82,Alfy Rathjen,Senior,90-414-7862
648,91,Nichole Sturr,Senior,64-254-0331
649,96,Cicely Castagneto,Senior,34-538-7566
650,41,Patric Rotherham,Membership,78-343-9977
651,22,Yuma Fattorini,,01-770-4303
652,25,Gilles Turpie,Student,16-757-7207
653,88,Tamara Michal,,59-722-5470
654,49,Jemie Slafford,Membership,40-150-1668
655,18,Dill Dalliwatr,Membership,76-302-4461
656,98,Lauraine Breton,,48-428-3922
657,34,Goldie Lincke,Student,48-266-4973
658,34,Eunice Saterweyte,Membership,76-656-0106
659,89,Jillayne Jordi,Senior,85-914-3627
660,43,Jacquie Patnelli,,47-287-3009
661,46,Pembroke Stote,Senior,26-607-1812
662,19,Doralyn Calloway,,83-232-3207
663,70,Bat Le Jean,Student,32-636-2601
664,56,Bonnibelle Poser,,73-676-4836
665,14,Butch Bellany,,15-877-7498
666,90,Blaine Domino,Student,09-178-3916
667,20,Jordana Reboul,,03-123-1410
668,45,Selestina Pleming,,89-654-8679
669,58,Dore Crompton,Student,59-812-3986
670,90,Ainslie Neil,,69-916-1266
671,60,Kelli Trenbay,Senior,21-797-7692
672,28,Myra Bohling,,65-289-9500
673,17,Johnna Vido,Senior,58-764-9785
674,18,Wait Ludmann,Senior,01-142-0228
675,68,Currey Chiddy,Membership,30-764-4842
676,58,Penni Traynor,,92-576-1753
677,28,Gabriele Rosenbarg,,71-239-4634
678,99,Dasie Ferrillio,,11-716-6488
679,22,Bourke Scardifield,,48-370-7128
680,58,Demott Trounson,,45-574-5602
681,94,Eddie Churm,Senior,71-722-5060
682,15,Gustav Utting,Membership,54-539-9678
683,45,Velvet Torn,Student,80-848-5495
684,12,Chrysler Thumann,Student,38-992-2740
685,67,Ddene Parmeter,Senior,14-696-3775
686,55,Harriet Merriman,Membership,16-460-3662
687,85,Hilly Mushett,Membership,35-266-1263
688,15,Nathan Maeer,Senior,49-909-0013
689,90,Olivero Mellows,Membership,86-553-3654
690,88,Cary Leist,,85-030-6099
691,39,Sharona Phythien,Student,51-007-9450
692,62,Carolan McMeanma,,19-440-7407
693,36,Tedi Ewenson,Senior,22-982-3788
694,97,Trixi Poure,Senior,09-821-0780
695,68,Maurine Burnage,,13-134-7882
696,32,Conn Bohlmann,,73-281-7852
697,87,Damian Cullington,Membership,22-425-5848
698,22,Kele Mancell,,76-706-6229
699,21,Dodie Boutwell,Membership,40-616-8417
700,70,Shelbi Gorman,Senior,63-746-4799
701,42,Engelbert Lindley,Senior,64-795-1983
702,31,Darby Undy,,43-303-3441
703,16,Thorpe Schiefersten,Senior,20-006-0890
704,97,Erroll Graeber,,20-022-4626
705,100,Lloyd McLoughlin,,51-113-9143
706,23,Nert Drewery,Student,96-879-5418
707,85,Cob Avrashin,Membership,59-513-7805
708,18,Emmey Gligoraci,,62-069-1581
709,44,Skylar Kase,,21-645-6605
710,37,Ron Opy,,34-744-0748
711,88,Ladonna Gouch,Student,00-000-5485
712,62,Auroora Teodorski,Membership,62-075-5200
713,22,Lezlie Ferrone,,20-735-4226
714,71,Lynn Harvie,,51-192-4587
715,73,Goldia Regelous,,49-521-4784
716,15,Carr Hardaway,Student,42-259-7523
717,78,Lynda Rosberg,Membership,26-271-6309
718,94,Brittni McMurthy,,41-186-3196
719,77,Rossy Komorowski,Membership,25-717-0767
720,31,Yvette Prawle,Membership,51-815-5441
721,24,Astra Bizley,Membership,87-223-1323
722,97,Mandi Jenyns,,06-567-1070
723,28,Deloria Colliford,,96-898-3032
724,66,Hillel Batchan,,51-042-1491
725,26,Johanna Caherny,Membership,83-239-5278
726,40,Waylen Prenty,,23-384-4678
727,29,Ursuline Piburn,,85-620-7798
728,86,Rosaleen Taynton,Membership,06-800-5242
729,92,Lorette Garment,Student,89-696-7223
730,73,Elva Veltman,,09-930-7633
731,29,Raul Ineson,Membership,39-921-2998
732,32,Adriaens Lademann,,09-259-9893
733,22,Arabel Avrahamov,,62-977-7330
734,65,Wilmer Milbourne,,66-380-1418
735,78,Andrea Rowlstone,,24-192-8357
736,49,Megen Richly,Membership,16-226-4523
737,66,Kathryne Fasey,,63-373-1879
738,24,Alene Wride,Membership,06-075-5528
739,87,Moria Rabidge,Student,55-539-2106
740,24,Katharine Bence,Membership,11-318-7915
741,89,Walt Sekulla,Senior,53-457-2702
742,76,Bentley McGilmartin,Student,59-084-6225
743,91,Dun Edelmann,Senior,51-937-8054
744,14,Angie Kerford,,81-957-5105
745,70,Cherin Bril,,77-299-8118
746,25,Jocelyne Blasgen,,33-058-4593
747,99,Arabela Minogue,Membership,57-803-4495
748,32,Marjy Fice,Membership,47-234-6053
749,80,Alfy Duffitt,Senior,20-543-4621
750,52,Jaynell Feander,Student,98-342-0654
751,68,Reed Cripwell,Student,67-866-1797
752,30,Emera Thornley,Membership,72-583-1920
753,30,Donavon Cattemull,Senior,76-173-5292
754,25,Peadar Durbin,Senior,40-581-0476
755,16,Barnett Dive,,75-072-8616
756,38,Elladine Gleave,,72-697-4111
757,13,Tallie Way,,73-413-1702
758,77,Jorie Emmerson,,52-777-2108
759,50,Celka Antwis,Membership,41-335-3764
760,80,Nolan Kubala,,75-093-6919
761,18,Eloisa Raynham,,97-582-3896
762,12,Sidonia Fawks,Student,91-150-2978
763,90,Nahum Itzcovichch,Student,10-686-7240
764,85,Carlo Reynard,Student,13-759-0189
765,19,Rube Shay,Senior,72-147-6667
766,56,Parsifal Olphert,Senior,27-271-8616
767,62,Karim Markie,Student,47-882-6129
768,78,Esme Petrol,Student,12-184-4370
769,100,Lotta Lyman,Senior,25-287-3442
770,86,Allianora Gebby,Senior,47-594-3914
771,21,Janie Wishkar,Student,93-773-8327
772,85,Raymund Andrzejowski,,12-431-4607
773,80,Jakob Shivlin,,49-935-6558
774,71,Aubrie Pawelec,,55-656-6533
775,91,Petunia Buyers,Membership,40-166-0731
776,56,Amandie Folli,Membership,59-096-7317
777,25,Noreen Cressor,Student,62-063-1655
778,24,Al Le febre,,66-207-3949
779,82,Freeman Dallow,Membership,62-264-9273
780,25,Osmund Hendrick,Student,81-914-6403
781,89,Perl Akerman,Student,09-333-5091
782,34,Quinton Staniford,Senior,84-478-8014
783,54,Dniren Vokins,,77-905-7890
784,21,Netty de Guerre,Membership,03-597-3281
785,13,Nyssa Goding,Senior,77-484-7048
786,35,Christiane Stelle,,40-742-5719
787,44,Mariana Veasey,Membership,49-014-8441
788,24,Pepi Mungham,Student,68-562-2754
789,76,Florenza Haithwaite,,07-455-1865
790,87,Baryram Riep,,65-286-0542
791,23,Karleen Reeders,,63-510-2642
792,17,Jeffry Cicchetto,Student,96-615-9758
793,23,Dyane Daughtry,Membership,73-989-9409
794,47,Gleda McClarence,,83-424-6640
795,96,Hermie Unworth,Membership,66-674-5506
796,93,Lindon Andell,,84-670-1461
797,58,Linn Jouanny,Membership,78-021-9588
798,48,Katalin Fetherby,,29-276-9236
799,22,Damara Sawood,,93-392-6206
800,94,Petr Burns,Student,19-652-8519
801,92,Augy Wadeson,Senior,01-091-3404
802,54,Brenda Carver,Membership,40-109-6189
803,79,Tammy Benettelli,Student,46-146-8395
804,14,Aubrette Evershed,Senior,87-388-2485
805,66,Dottie Smillie,Membership,53-765-3040
806,60,Zorah Braime,Senior,12-239-3133
807,76,Seymour De Francesco,Membership,43-839-1470
808,20,Mervin Dankov,Senior,43-049-7401
809,81,Giana Reinbech,,21-966-2669
810,87,Cesar Domke,,75-042-4417
811,69,Christiane Templman,,26-922-7449
812,13,Antonie La Vigne,Senior,22-940-5157
813,55,Reynold Sieur,Student,97-787-2494
814,86,Ernesto Seavers,Senior,26-858-9105
815,41,Farrand Caser,Membership,10-255-6232
816,85,Reeva Androlli,Membership,01-745-9110
817,91,Kellia Cressingham,Senior,64-006-1787
818,74,Viola Craisford,,32-311-6200
819,31,Bo Pele,Student,39-595-9206
820,91,Myles Remnant,,61-431-2064
821,26,Eldridge Tilburn,Membership,27-009-3288
822,89,Germain Stanmer,Senior,56-178-1396
823,20,Chevy Manterfield,,51-737-2251
824,57,Wilone Gwilt,,38-770-4269
825,96,Carlina Quarrie,Student,45-201-9251
826,90,Olia Silbersak,Senior,04-990-8556
827,40,Britteny Adkin,,70-100-7289
828,38,Carry Lillie,,20-038-6333
829,16,Kipp Hanmore,Membership,02-749-4375
830,61,Sylvester Kochel,Membership,94-252-3600
831,47,Julius McKue,,46-150-7313
832,31,Kelsy Marcinkus,Student,67-977-2697
833,73,Adelice Crosby,Senior,34-629-5695
834,71,Bourke Hooke,,82-883-5633
835,17,Kirby Anear,,23-578-5976
836,79,Elliot Lavalle,,50-619-6694
837,26,Cindy Pyott,Student,17-416-6535
838,77,Niles Pinn,Senior,84-483-2375
839,35,Emerson Sommerville,Membership,48-414-2221
840,82,Cathryn Toal,Senior,73-815-0331
841,50,Evin Salkeld,Senior,40-619-0562
842,69,Ansell Feaveer,,08-038-8851
843,94,Tore Siggins,Senior,73-191-4862
844,78,Thedrick Denisovo,,10-893-4352
845,99,George Cometson,Senior,86-017-5371
846,43,Amelita ODwyer,Student,45-131-5329
847,87,Heloise Shalloo,Senior,98-677-1464
848,24,Faustine Fache,,46-828-9544
849,86,Brew Chatres,Senior,01-836-9621
850,25,Loydie Depper,Student,76-418-6692
851,35,Dido Domotor,,19-381-3755
852,60,Laura Airth,Membership,69-271-3656
853,90,Manda Murrie,,53-565-7666
854,61,Pepillo Parffrey,,04-134-8807
855,61,Basil Mertgen,,41-578-3867
856,28,Querida Caville,Membership,07-319-5838
857,42,Maren Fielders,,76-710-2623
858,50,Anne-marie Chapelhow,,55-939-3154
859,30,Harald Brockway,,69-327-1981
860,34,Kathryn Munden,,98-216-5438
861,92,Hort Blyth,Student,42-987-6630
862,24,Levy Kollaschek,,64-182-0505
863,46,Sheelah Salvatore,Membership,12-361-7525
864,28,Davidde Costock,Student,56-994-8944
865,93,Eddie Sukbhans,Student,20-180-4251
866,70,Garret Kleis,,53-480-3175
867,40,Livvyy Barg,Membership,92-929-7637
868,81,Emmott Platt,Membership,21-176-4425
869,19,Luke Letteresse,Membership,78-878-1792
870,87,Rodrick Scandrett,,09-299-5057
871,38,Jourdan McTurley,,57-936-3360
872,87,Robinet Woolard,Senior,93-629-5313
873,77,Phyllis Fairrie,Membership,50-265-7260
874,76,Fredrick Selkirk,Membership,11-725-2180
875,61,Meara Byers,Senior,85-301-8672
876,71,Daisie Creenan,,18-971-1357
877,14,Zelig Gimlet,,35-997-2677
878,58,Janie Foot,,92-210-4306
879,45,Antone Janson,Membership,71-530-2735
880,86,Annmaria Grunnell,,54-256-6152
881,42,Nicoli Salters,Membership,36-252-6887
882,37,Bret Plowright,Senior,90-367-4543
883,46,Carmon Grayne,,06-277-8704
884,58,Cchaddie Gawthrope,Student,26-025-1065
885,31,Gunar Strutt,,73-615-5638
886,93,Devan Muxworthy,Membership,89-006-5456
887,60,Ronni Bolt,Student,50-992-6305
888,74,Etty Goldbourn,,25-293-4001
889,97,Giulia Daveran,Student,07-613-9123
890,78,Cheston Kelwaybamber,Student,75-799-3709
891,29,Chrystal Itzkovitch,,96-154-5558
892,27,Grover Rishbrook,,26-941-0938
893,40,Dall Mulqueen,Senior,63-250-7889
894,41,Jenny Pettigree,Senior,87-514-0278
895,53,Gwennie Colman,Membership,19-482-1475
896,77,Lorna Possek,Senior,03-382-0372
897,100,Euell Apfler,,54-802-7984
898,85,Trina Farry,Student,45-665-9136
899,12,Irv Startin,,59-937-4809
900,18,Kissiah Iskowitz,,31-698-2440
901,97,Aube Abraham,,37-725-8206
902,69,Kenna Brindle,,64-953-0676
903,18,Giordano Rodwell,Membership,08-814-8357
904,51,Leone Brignell,,61-425-8242
905,57,Genvieve Beverage,,28-373-7078
906,73,Weylin Ziehms,Membership,37-030-8909
907,55,Lay Hammand,,59-990-1912
908,22,Monty Ravenhill,,92-663-7560
909,49,Donny Manuello,Student,48-228-2888
910,22,Ricard Davidson,,13-981-7932
911,39,Baxter Eddisford,,27-239-0405
912,52,Steve Rosenblath,Membership,94-279-3523
913,65,Ulick Took,,48-257-4196
914,21,Gasper Braiden,Senior,66-748-3215
915,60,Valaree Woakes,Senior,06-425-0648
916,99,Ibby Shapter,,10-442-0117
917,50,Alard Ciottoi,Membership,22-712-3240
918,33,Teodoro Hawler,Senior,93-128-8985
919,86,Kare Filan,,65-132-4409
920,70,Marget Suckling,,16-696-6126
921,27,Bonny Chestnutt,Membership,45-980-9820
922,54,Huberto Baggot,Senior,99-653-0710
923,42,Kelli Noraway,Student,54-937-4601
924,50,Orelee Blagbrough,Membership,28-391-9578
925,82,Emmy Sibbe,,49-188-6491
926,87,Roana Ilive,,27-754-9839
927,44,Augustina Giannotti,Student,49-337-2043
928,53,Cassi Tynnan,,76-213-4126
929,69,Blanche Cattlemull,,89-787-0272
930,80,Marlyn Rudledge,,02-311-8279
931,55,Nathalia Harkes,,28-320-6593
932,40,Georgeta Le Borgne,,63-740-4973
933,55,Neale Tesimon,Student,55-745-9735
934,40,Hermie Leftwich,Student,28-287-5679
935,72,Aylmer Moon,Membership,26-853-3538
936,25,Gerrard McKag,Senior,70-996-5174
937,29,Felecia Judkin,Senior,95-926-1099
938,67,Gilberta Minghella,Student,55-615-8936
939,14,Jackelyn Manktelow,Student,66-566-3395
940,27,Arthur Baldacchi,,15-907-3017
941,23,Keefer Bernhardsson,Senior,48-583-8792
942,99,Murial Side,Senior,90-023-6189
943,25,Stanford MacKellen,Student,23-828-2296
944,91,Noak Cumes,,66-594-1109
945,70,Fredrika Cossam,Membership,38-328-4498
946,30,Marysa Belding,,12-041-6127
947,94,Vincenty Oddboy,Senior,48-375-9533
948,35,Flory Killough,Senior,50-338-8759
949,41,Meredith Maunder,Student,73-344-1847
950,15,Cassandre Syddon,Senior,74-152-7713
951,61,Dylan Fernandes,Student,40-358-4295
952,78,Marijo McAster,,34-369-0895
953,59,Timi Pillifant,Senior,02-454-3262
954,96,Appolonia Hacquoil,Senior,75-428-5791
955,76,Eugenio Forrest,,73-844-9231
956,58,Nelle Jacquot,,47-452-3603
957,48,Marvin Cundict,,90-549-1794
958,36,Nicol Blanning,Membership,14-142-2163
959,40,Thaine Gebhardt,,46-808-1306
960,94,Charlotta Barday,Student,75-324-0653
961,23,Maude Ainsley,,70-636-0797
962,18,Lavena Clapton,,12-568-6555
963,57,Dave Razzell,Membership,37-210-6728
964,94,Wilburt Fothergill,Membership,60-405-8341
965,33,Rhianon Pail,Membership,57-873-1916
966,33,Belia Stanning,Student,41-139-6788
967,91,Karlene Zohrer,,89-137-7844
968,17,Rurik Birden,Membership,64-713-5473
969,34,Midge Bianco,,34-218-3351
970,34,Archibaldo Schrieves,Membership,44-624-7424
971,38,Lance Alderwick,Senior,12-870-3278
972,97,Dix Marti,,70-743-6183
973,31,Judon Tidd,Senior,35-512-5840
974,97,Almeria Sears,Membership,03-329-0408
975,70,Zacharias Dienes,,57-306-2267
976,96,Pepito Thomassin,,85-387-5142
977,47,Wilow Stopher,Student,46-623-8575
978,39,Baxie Skones,,53-609-0861
979,28,Jasmine Clapshaw,Senior,91-666-7062
980,51,Randie Itskovitz,,62-730-1279
981,71,Gail Jendrich,,60-038-5825
982,12,Chery Fletcher,,45-494-7820
983,68,Madlin Ferrarotti,,41-340-9033
984,51,Gerard Tatnell,Senior,40-953-7733
985,84,Yale Sidsaff,Student,99-417-4841
986,51,Collin Worton,,24-052-0758
987,25,Selma Habeshaw,,68-456-8344
988,27,Anna-diane Dowry,Membership,29-952-7028
989,31,Hercules Branwhite,,87-853-7002
990,80,Darya Ulster,Student,58-312-1857
991,86,Maurise Locket,Senior,63-851-3064
992,73,Isacco Labone,,61-919-7420
993,81,Agustin Wabersinke,Student,47-083-1674
994,97,Lexy Coy,Membership,50-305-3807
995,92,Durand Sizland,Senior,06-585-6048
996,30,Arlana Woodroof,Membership,65-624-9397
997,96,Lanae Dahill,Membership,31-818-3101
998,94,Giraud Yardley,Student,42-719-0062
999,14,Beau Dudding,,06-989-9143
1000,81,Peta Kinde,Student,27-099-2180